version,dataset,patch_size,blocks,threads,time
./bin/v1,./data/noise_image_lena_const.txt,3,16,32,3.694860
./bin/v1,./data/noise_image_lena_const.txt,3,16,64,1.816126
./bin/v1,./data/noise_image_lena_const.txt,3,16,128,0.952929
./bin/v1,./data/noise_image_lena_const.txt,3,16,256,0.515171
./bin/v1,./data/noise_image_lena_const.txt,3,16,512,0.302380
./bin/v1,./data/noise_image_lena_const.txt,3,16,1024,0.302358
./bin/v1,./data/noise_image_lena_const.txt,3,16,2048,0.002499
./bin/v1,./data/noise_image_lena_const.txt,3,32,32,1.774532
./bin/v1,./data/noise_image_lena_const.txt,3,32,64,0.914122
./bin/v1,./data/noise_image_lena_const.txt,3,32,128,0.483409
./bin/v1,./data/noise_image_lena_const.txt,3,32,256,0.272239
./bin/v1,./data/noise_image_lena_const.txt,3,32,512,0.223083
./bin/v1,./data/noise_image_lena_const.txt,3,32,1024,0.229087
./bin/v1,./data/noise_image_lena_const.txt,3,32,2048,0.002464
./bin/v1,./data/noise_image_lena_const.txt,3,64,32,0.908764
./bin/v1,./data/noise_image_lena_const.txt,3,64,64,0.480436
./bin/v1,./data/noise_image_lena_const.txt,3,64,128,0.270402
./bin/v1,./data/noise_image_lena_const.txt,3,64,256,0.238760
./bin/v1,./data/noise_image_lena_const.txt,3,64,512,0.230745
./bin/v1,./data/noise_image_lena_const.txt,3,64,1024,0.227382
./bin/v1,./data/noise_image_lena_const.txt,3,64,2048,0.002500
./bin/v1,./data/noise_image_lena_const.txt,3,128,32,0.478484
./bin/v1,./data/noise_image_lena_const.txt,3,128,64,0.272283
./bin/v1,./data/noise_image_lena_const.txt,3,128,128,0.249779
./bin/v1,./data/noise_image_lena_const.txt,3,128,256,0.234434
./bin/v1,./data/noise_image_lena_const.txt,3,128,512,0.231853
./bin/v1,./data/noise_image_lena_const.txt,3,128,1024,0.228960
./bin/v1,./data/noise_image_lena_const.txt,3,128,2048,0.002527
./bin/v1,./data/noise_image_lena_const.txt,3,256,32,0.257689
./bin/v1,./data/noise_image_lena_const.txt,3,256,64,0.235837
./bin/v1,./data/noise_image_lena_const.txt,3,256,128,0.218715
./bin/v1,./data/noise_image_lena_const.txt,3,256,256,0.211969
./bin/v1,./data/noise_image_lena_const.txt,3,256,512,0.232450
./bin/v1,./data/noise_image_lena_const.txt,3,256,1024,0.229543
./bin/v1,./data/noise_image_lena_const.txt,3,256,2048,0.002477
./bin/v1,./data/noise_image_lena_const.txt,3,512,32,0.229730
./bin/v1,./data/noise_image_lena_const.txt,3,512,64,0.216931
./bin/v1,./data/noise_image_lena_const.txt,3,512,128,0.204253
./bin/v1,./data/noise_image_lena_const.txt,3,512,256,0.211359
./bin/v1,./data/noise_image_lena_const.txt,3,512,512,0.232202
./bin/v1,./data/noise_image_lena_const.txt,3,512,1024,0.228336
./bin/v1,./data/noise_image_lena_const.txt,3,512,2048,0.002473
./bin/v1,./data/noise_image_lena_const.txt,3,1024,32,0.218020
./bin/v1,./data/noise_image_lena_const.txt,3,1024,64,0.207560
./bin/v1,./data/noise_image_lena_const.txt,3,1024,128,0.204502
./bin/v1,./data/noise_image_lena_const.txt,3,1024,256,0.211964
./bin/v1,./data/noise_image_lena_const.txt,3,1024,512,0.232645
./bin/v1,./data/noise_image_lena_const.txt,3,1024,1024,0.229561
./bin/v1,./data/noise_image_lena_const.txt,3,1024,2048,0.002480
./bin/v1,./data/noise_image_lena_const.txt,3,2048,32,0.204018
./bin/v1,./data/noise_image_lena_const.txt,3,2048,64,0.207764
./bin/v1,./data/noise_image_lena_const.txt,3,2048,128,0.203266
./bin/v1,./data/noise_image_lena_const.txt,3,2048,256,0.209896
./bin/v1,./data/noise_image_lena_const.txt,3,2048,512,0.233433
./bin/v1,./data/noise_image_lena_const.txt,3,2048,1024,0.229772
./bin/v1,./data/noise_image_lena_const.txt,3,2048,2048,0.002540
./bin/v1,./data/noise_image_lena_const.txt,3,4094,32,0.204130
./bin/v1,./data/noise_image_lena_const.txt,3,4094,64,0.209643
./bin/v1,./data/noise_image_lena_const.txt,3,4094,128,0.207104
./bin/v1,./data/noise_image_lena_const.txt,3,4094,256,0.210378
./bin/v1,./data/noise_image_lena_const.txt,3,4094,512,0.232844
./bin/v1,./data/noise_image_lena_const.txt,3,4094,1024,0.229519
./bin/v1,./data/noise_image_lena_const.txt,3,4094,2048,0.002549
./bin/v1,./data/noise_image_lena_const.txt,5,16,32,7.882567
./bin/v1,./data/noise_image_lena_const.txt,5,16,64,4.238929
./bin/v1,./data/noise_image_lena_const.txt,5,16,128,2.456803
./bin/v1,./data/noise_image_lena_const.txt,5,16,256,1.604239
./bin/v1,./data/noise_image_lena_const.txt,5,16,512,1.658919
./bin/v1,./data/noise_image_lena_const.txt,5,16,1024,2.956526
./bin/v1,./data/noise_image_lena_const.txt,5,16,2048,0.005040
./bin/v1,./data/noise_image_lena_const.txt,5,32,32,3.919754
./bin/v1,./data/noise_image_lena_const.txt,5,32,64,2.107777
./bin/v1,./data/noise_image_lena_const.txt,5,32,128,1.182713
./bin/v1,./data/noise_image_lena_const.txt,5,32,256,1.096394
./bin/v1,./data/noise_image_lena_const.txt,5,32,512,1.204592
./bin/v1,./data/noise_image_lena_const.txt,5,32,1024,2.257253
./bin/v1,./data/noise_image_lena_const.txt,5,32,2048,0.004995
./bin/v1,./data/noise_image_lena_const.txt,5,64,32,1.983207
./bin/v1,./data/noise_image_lena_const.txt,5,64,64,1.211150
./bin/v1,./data/noise_image_lena_const.txt,5,64,128,1.146070
./bin/v1,./data/noise_image_lena_const.txt,5,64,256,1.159633
./bin/v1,./data/noise_image_lena_const.txt,5,64,512,1.313623
./bin/v1,./data/noise_image_lena_const.txt,5,64,1024,2.463833
./bin/v1,./data/noise_image_lena_const.txt,5,64,2048,0.004991
./bin/v1,./data/noise_image_lena_const.txt,5,128,32,1.210452
./bin/v1,./data/noise_image_lena_const.txt,5,128,64,1.148596
./bin/v1,./data/noise_image_lena_const.txt,5,128,128,1.148750
./bin/v1,./data/noise_image_lena_const.txt,5,128,256,1.185017
./bin/v1,./data/noise_image_lena_const.txt,5,128,512,1.415529
./bin/v1,./data/noise_image_lena_const.txt,5,128,1024,2.492450
./bin/v1,./data/noise_image_lena_const.txt,5,128,2048,0.004962
./bin/v1,./data/noise_image_lena_const.txt,5,256,32,1.075601
./bin/v1,./data/noise_image_lena_const.txt,5,256,64,1.154981
./bin/v1,./data/noise_image_lena_const.txt,5,256,128,1.094290
./bin/v1,./data/noise_image_lena_const.txt,5,256,256,1.186919
./bin/v1,./data/noise_image_lena_const.txt,5,256,512,1.429745
./bin/v1,./data/noise_image_lena_const.txt,5,256,1024,2.524830
./bin/v1,./data/noise_image_lena_const.txt,5,256,2048,0.005001
./bin/v1,./data/noise_image_lena_const.txt,5,512,32,1.149744
./bin/v1,./data/noise_image_lena_const.txt,5,512,64,1.178039
./bin/v1,./data/noise_image_lena_const.txt,5,512,128,1.135842
./bin/v1,./data/noise_image_lena_const.txt,5,512,256,1.195088
./bin/v1,./data/noise_image_lena_const.txt,5,512,512,1.443181
./bin/v1,./data/noise_image_lena_const.txt,5,512,1024,2.562738
./bin/v1,./data/noise_image_lena_const.txt,5,512,2048,0.004994
./bin/v1,./data/noise_image_lena_const.txt,5,1024,32,1.166455
./bin/v1,./data/noise_image_lena_const.txt,5,1024,64,1.218786
./bin/v1,./data/noise_image_lena_const.txt,5,1024,128,1.204002
./bin/v1,./data/noise_image_lena_const.txt,5,1024,256,1.195998
./bin/v1,./data/noise_image_lena_const.txt,5,1024,512,1.442991
./bin/v1,./data/noise_image_lena_const.txt,5,1024,1024,2.589296
./bin/v1,./data/noise_image_lena_const.txt,5,1024,2048,0.005029
./bin/v1,./data/noise_image_lena_const.txt,5,2048,32,1.148040
./bin/v1,./data/noise_image_lena_const.txt,5,2048,64,1.275898
./bin/v1,./data/noise_image_lena_const.txt,5,2048,128,1.221436
./bin/v1,./data/noise_image_lena_const.txt,5,2048,256,1.222318
./bin/v1,./data/noise_image_lena_const.txt,5,2048,512,1.450525
./bin/v1,./data/noise_image_lena_const.txt,5,2048,1024,2.608924
./bin/v1,./data/noise_image_lena_const.txt,5,2048,2048,0.005022
./bin/v1,./data/noise_image_lena_const.txt,5,4094,32,1.167704
./bin/v1,./data/noise_image_lena_const.txt,5,4094,64,1.282656
./bin/v1,./data/noise_image_lena_const.txt,5,4094,128,1.230012
./bin/v1,./data/noise_image_lena_const.txt,5,4094,256,1.210082
./bin/v1,./data/noise_image_lena_const.txt,5,4094,512,1.462188
./bin/v1,./data/noise_image_lena_const.txt,5,4094,1024,2.589009
./bin/v1,./data/noise_image_lena_const.txt,5,4094,2048,0.004967
./bin/v1,./data/noise_image_lena_const.txt,7,16,32,13.314028
./bin/v1,./data/noise_image_lena_const.txt,7,16,64,7.598843
./bin/v1,./data/noise_image_lena_const.txt,7,16,128,4.930662
./bin/v1,./data/noise_image_lena_const.txt,7,16,256,4.566801
./bin/v1,./data/noise_image_lena_const.txt,7,16,512,5.798159
./bin/v1,./data/noise_image_lena_const.txt,7,16,1024,9.093524
./bin/v1,./data/noise_image_lena_const.txt,7,16,2048,0.008430
./bin/v1,./data/noise_image_lena_const.txt,7,32,32,6.666405
./bin/v1,./data/noise_image_lena_const.txt,7,32,64,3.774131
./bin/v1,./data/noise_image_lena_const.txt,7,32,128,3.118059
./bin/v1,./data/noise_image_lena_const.txt,7,32,256,3.254714
./bin/v1,./data/noise_image_lena_const.txt,7,32,512,5.079593
./bin/v1,./data/noise_image_lena_const.txt,7,32,1024,12.861807
./bin/v1,./data/noise_image_lena_const.txt,7,32,2048,0.008503
./bin/v1,./data/noise_image_lena_const.txt,7,64,32,3.836503
./bin/v1,./data/noise_image_lena_const.txt,7,64,64,3.176230
./bin/v1,./data/noise_image_lena_const.txt,7,64,128,3.280233
./bin/v1,./data/noise_image_lena_const.txt,7,64,256,3.867371
./bin/v1,./data/noise_image_lena_const.txt,7,64,512,6.860324
./bin/v1,./data/noise_image_lena_const.txt,7,64,1024,15.247405
./bin/v1,./data/noise_image_lena_const.txt,7,64,2048,0.008787
./bin/v1,./data/noise_image_lena_const.txt,7,128,32,3.114579
./bin/v1,./data/noise_image_lena_const.txt,7,128,64,3.360659
./bin/v1,./data/noise_image_lena_const.txt,7,128,128,3.642445
./bin/v1,./data/noise_image_lena_const.txt,7,128,256,4.717471
./bin/v1,./data/noise_image_lena_const.txt,7,128,512,8.120345
./bin/v1,./data/noise_image_lena_const.txt,7,128,1024,15.416040
./bin/v1,./data/noise_image_lena_const.txt,7,128,2048,0.008681
./bin/v1,./data/noise_image_lena_const.txt,7,256,32,3.102923
./bin/v1,./data/noise_image_lena_const.txt,7,256,64,3.433703
./bin/v1,./data/noise_image_lena_const.txt,7,256,128,4.255453
./bin/v1,./data/noise_image_lena_const.txt,7,256,256,5.331422
./bin/v1,./data/noise_image_lena_const.txt,7,256,512,7.840186
./bin/v1,./data/noise_image_lena_const.txt,7,256,1024,15.417830
./bin/v1,./data/noise_image_lena_const.txt,7,256,2048,0.008605
./bin/v1,./data/noise_image_lena_const.txt,7,512,32,3.519700
./bin/v1,./data/noise_image_lena_const.txt,7,512,64,4.163033
./bin/v1,./data/noise_image_lena_const.txt,7,512,128,5.037702
./bin/v1,./data/noise_image_lena_const.txt,7,512,256,5.400994
./bin/v1,./data/noise_image_lena_const.txt,7,512,512,8.269953
./bin/v1,./data/noise_image_lena_const.txt,7,512,1024,15.421332
./bin/v1,./data/noise_image_lena_const.txt,7,512,2048,0.008510
./bin/v1,./data/noise_image_lena_const.txt,7,1024,32,3.920904
./bin/v1,./data/noise_image_lena_const.txt,7,1024,64,5.030813
./bin/v1,./data/noise_image_lena_const.txt,7,1024,128,5.197616
./bin/v1,./data/noise_image_lena_const.txt,7,1024,256,5.371918
./bin/v1,./data/noise_image_lena_const.txt,7,1024,512,8.258634
./bin/v1,./data/noise_image_lena_const.txt,7,1024,1024,15.442799
./bin/v1,./data/noise_image_lena_const.txt,7,1024,2048,0.008561
./bin/v1,./data/noise_image_lena_const.txt,7,2048,32,3.842376
./bin/v1,./data/noise_image_lena_const.txt,7,2048,64,5.234345
./bin/v1,./data/noise_image_lena_const.txt,7,2048,128,5.206634
./bin/v1,./data/noise_image_lena_const.txt,7,2048,256,5.380774
./bin/v1,./data/noise_image_lena_const.txt,7,2048,512,8.245863
./bin/v1,./data/noise_image_lena_const.txt,7,2048,1024,15.433212
./bin/v1,./data/noise_image_lena_const.txt,7,2048,2048,0.008630
./bin/v1,./data/noise_image_lena_const.txt,7,4094,32,3.845258
./bin/v1,./data/noise_image_lena_const.txt,7,4094,64,5.250179
./bin/v1,./data/noise_image_lena_const.txt,7,4094,128,5.211737
./bin/v1,./data/noise_image_lena_const.txt,7,4094,256,5.385635
./bin/v1,./data/noise_image_lena_const.txt,7,4094,512,7.891679
./bin/v1,./data/noise_image_lena_const.txt,7,4094,1024,15.370976
./bin/v1,./data/noise_image_lena_const.txt,7,4094,2048,0.008542
./bin/v1,./data/noise_image_tulips_const.txt,3,16,32,0.222773
./bin/v1,./data/noise_image_tulips_const.txt,3,16,64,0.114736
./bin/v1,./data/noise_image_tulips_const.txt,3,16,128,0.060712
./bin/v1,./data/noise_image_tulips_const.txt,3,16,256,0.033368
./bin/v1,./data/noise_image_tulips_const.txt,3,16,512,0.019937
./bin/v1,./data/noise_image_tulips_const.txt,3,16,1024,0.019934
./bin/v1,./data/noise_image_tulips_const.txt,3,16,2048,0.000820
./bin/v1,./data/noise_image_tulips_const.txt,3,32,32,0.112198
./bin/v1,./data/noise_image_tulips_const.txt,3,32,64,0.058163
./bin/v1,./data/noise_image_tulips_const.txt,3,32,128,0.031397
./bin/v1,./data/noise_image_tulips_const.txt,3,32,256,0.017605
./bin/v1,./data/noise_image_tulips_const.txt,3,32,512,0.014046
./bin/v1,./data/noise_image_tulips_const.txt,3,32,1024,0.020012
./bin/v1,./data/noise_image_tulips_const.txt,3,32,2048,0.001580
./bin/v1,./data/noise_image_tulips_const.txt,3,64,32,0.058177
./bin/v1,./data/noise_image_tulips_const.txt,3,64,64,0.031316
./bin/v1,./data/noise_image_tulips_const.txt,3,64,128,0.017407
./bin/v1,./data/noise_image_tulips_const.txt,3,64,256,0.014830
./bin/v1,./data/noise_image_tulips_const.txt,3,64,512,0.017657
./bin/v1,./data/noise_image_tulips_const.txt,3,64,1024,0.027345
./bin/v1,./data/noise_image_tulips_const.txt,3,64,2048,0.000812
./bin/v1,./data/noise_image_tulips_const.txt,3,128,32,0.048293
./bin/v1,./data/noise_image_tulips_const.txt,3,128,64,0.027025
./bin/v1,./data/noise_image_tulips_const.txt,3,128,128,0.025385
./bin/v1,./data/noise_image_tulips_const.txt,3,128,256,0.025888
./bin/v1,./data/noise_image_tulips_const.txt,3,128,512,0.035844
./bin/v1,./data/noise_image_tulips_const.txt,3,128,1024,0.037004
./bin/v1,./data/noise_image_tulips_const.txt,3,128,2048,0.000832
./bin/v1,./data/noise_image_tulips_const.txt,3,256,32,0.032847
./bin/v1,./data/noise_image_tulips_const.txt,3,256,64,0.031162
./bin/v1,./data/noise_image_tulips_const.txt,3,256,128,0.032655
./bin/v1,./data/noise_image_tulips_const.txt,3,256,256,0.031585
./bin/v1,./data/noise_image_tulips_const.txt,3,256,512,0.045913
./bin/v1,./data/noise_image_tulips_const.txt,3,256,1024,0.047618
./bin/v1,./data/noise_image_tulips_const.txt,3,256,2048,0.000805
./bin/v1,./data/noise_image_tulips_const.txt,3,512,32,0.035075
./bin/v1,./data/noise_image_tulips_const.txt,3,512,64,0.036271
./bin/v1,./data/noise_image_tulips_const.txt,3,512,128,0.038943
./bin/v1,./data/noise_image_tulips_const.txt,3,512,256,0.036860
./bin/v1,./data/noise_image_tulips_const.txt,3,512,512,0.051505
./bin/v1,./data/noise_image_tulips_const.txt,3,512,1024,0.051517
./bin/v1,./data/noise_image_tulips_const.txt,3,512,2048,0.000803
./bin/v1,./data/noise_image_tulips_const.txt,3,1024,32,0.035867
./bin/v1,./data/noise_image_tulips_const.txt,3,1024,64,0.035990
./bin/v1,./data/noise_image_tulips_const.txt,3,1024,128,0.039173
./bin/v1,./data/noise_image_tulips_const.txt,3,1024,256,0.036879
./bin/v1,./data/noise_image_tulips_const.txt,3,1024,512,0.051554
./bin/v1,./data/noise_image_tulips_const.txt,3,1024,1024,0.051544
./bin/v1,./data/noise_image_tulips_const.txt,3,1024,2048,0.000814
./bin/v1,./data/noise_image_tulips_const.txt,3,2048,32,0.037022
./bin/v1,./data/noise_image_tulips_const.txt,3,2048,64,0.037200
./bin/v1,./data/noise_image_tulips_const.txt,3,2048,128,0.035344
./bin/v1,./data/noise_image_tulips_const.txt,3,2048,256,0.035333
./bin/v1,./data/noise_image_tulips_const.txt,3,2048,512,0.051441
./bin/v1,./data/noise_image_tulips_const.txt,3,2048,1024,0.051601
./bin/v1,./data/noise_image_tulips_const.txt,3,2048,2048,0.000801
./bin/v1,./data/noise_image_tulips_const.txt,3,4094,32,0.037021
./bin/v1,./data/noise_image_tulips_const.txt,3,4094,64,0.032480
./bin/v1,./data/noise_image_tulips_const.txt,3,4094,128,0.035320
./bin/v1,./data/noise_image_tulips_const.txt,3,4094,256,0.035342
./bin/v1,./data/noise_image_tulips_const.txt,3,4094,512,0.051611
./bin/v1,./data/noise_image_tulips_const.txt,3,4094,1024,0.051535
./bin/v1,./data/noise_image_tulips_const.txt,3,4094,2048,0.000807
./bin/v1,./data/noise_image_tulips_const.txt,5,16,32,0.527818
./bin/v1,./data/noise_image_tulips_const.txt,5,16,64,0.222457
./bin/v1,./data/noise_image_tulips_const.txt,5,16,128,0.134963
./bin/v1,./data/noise_image_tulips_const.txt,5,16,256,0.102275
./bin/v1,./data/noise_image_tulips_const.txt,5,16,512,0.104669
./bin/v1,./data/noise_image_tulips_const.txt,5,16,1024,0.187859
./bin/v1,./data/noise_image_tulips_const.txt,5,16,2048,0.001404
./bin/v1,./data/noise_image_tulips_const.txt,5,32,32,0.197418
./bin/v1,./data/noise_image_tulips_const.txt,5,32,64,0.116198
./bin/v1,./data/noise_image_tulips_const.txt,5,32,128,0.074659
./bin/v1,./data/noise_image_tulips_const.txt,5,32,256,0.069975
./bin/v1,./data/noise_image_tulips_const.txt,5,32,512,0.076199
./bin/v1,./data/noise_image_tulips_const.txt,5,32,1024,0.188496
./bin/v1,./data/noise_image_tulips_const.txt,5,32,2048,0.001394
./bin/v1,./data/noise_image_tulips_const.txt,5,64,32,0.118016
./bin/v1,./data/noise_image_tulips_const.txt,5,64,64,0.074964
./bin/v1,./data/noise_image_tulips_const.txt,5,64,128,0.072484
./bin/v1,./data/noise_image_tulips_const.txt,5,64,256,0.072326
./bin/v1,./data/noise_image_tulips_const.txt,5,64,512,0.076369
./bin/v1,./data/noise_image_tulips_const.txt,5,64,1024,0.188996
./bin/v1,./data/noise_image_tulips_const.txt,5,64,2048,0.001473
./bin/v1,./data/noise_image_tulips_const.txt,5,128,32,0.073537
./bin/v1,./data/noise_image_tulips_const.txt,5,128,64,0.070245
./bin/v1,./data/noise_image_tulips_const.txt,5,128,128,0.070743
./bin/v1,./data/noise_image_tulips_const.txt,5,128,256,0.072822
./bin/v1,./data/noise_image_tulips_const.txt,5,128,512,0.112085
./bin/v1,./data/noise_image_tulips_const.txt,5,128,1024,0.188081
./bin/v1,./data/noise_image_tulips_const.txt,5,128,2048,0.001462
./bin/v1,./data/noise_image_tulips_const.txt,5,256,32,0.066000
./bin/v1,./data/noise_image_tulips_const.txt,5,256,64,0.073140
./bin/v1,./data/noise_image_tulips_const.txt,5,256,128,0.074038
./bin/v1,./data/noise_image_tulips_const.txt,5,256,256,0.072767
./bin/v1,./data/noise_image_tulips_const.txt,5,256,512,0.112792
./bin/v1,./data/noise_image_tulips_const.txt,5,256,1024,0.188771
./bin/v1,./data/noise_image_tulips_const.txt,5,256,2048,0.001450
./bin/v1,./data/noise_image_tulips_const.txt,5,512,32,0.070312
./bin/v1,./data/noise_image_tulips_const.txt,5,512,64,0.072774
./bin/v1,./data/noise_image_tulips_const.txt,5,512,128,0.074057
./bin/v1,./data/noise_image_tulips_const.txt,5,512,256,0.072723
./bin/v1,./data/noise_image_tulips_const.txt,5,512,512,0.112841
./bin/v1,./data/noise_image_tulips_const.txt,5,512,1024,0.188932
./bin/v1,./data/noise_image_tulips_const.txt,5,512,2048,0.001440
./bin/v1,./data/noise_image_tulips_const.txt,5,1024,32,0.070803
./bin/v1,./data/noise_image_tulips_const.txt,5,1024,64,0.073101
./bin/v1,./data/noise_image_tulips_const.txt,5,1024,128,0.074145
./bin/v1,./data/noise_image_tulips_const.txt,5,1024,256,0.072576
./bin/v1,./data/noise_image_tulips_const.txt,5,1024,512,0.112768
./bin/v1,./data/noise_image_tulips_const.txt,5,1024,1024,0.189051
./bin/v1,./data/noise_image_tulips_const.txt,5,1024,2048,0.001433
./bin/v1,./data/noise_image_tulips_const.txt,5,2048,32,0.071142
./bin/v1,./data/noise_image_tulips_const.txt,5,2048,64,0.072839
./bin/v1,./data/noise_image_tulips_const.txt,5,2048,128,0.074256
./bin/v1,./data/noise_image_tulips_const.txt,5,2048,256,0.072610
./bin/v1,./data/noise_image_tulips_const.txt,5,2048,512,0.112976
./bin/v1,./data/noise_image_tulips_const.txt,5,2048,1024,0.189004
./bin/v1,./data/noise_image_tulips_const.txt,5,2048,2048,0.001474
./bin/v1,./data/noise_image_tulips_const.txt,5,4094,32,0.071256
./bin/v1,./data/noise_image_tulips_const.txt,5,4094,64,0.078116
./bin/v1,./data/noise_image_tulips_const.txt,5,4094,128,0.075340
./bin/v1,./data/noise_image_tulips_const.txt,5,4094,256,0.073620
./bin/v1,./data/noise_image_tulips_const.txt,5,4094,512,0.113392
./bin/v1,./data/noise_image_tulips_const.txt,5,4094,1024,0.188927
./bin/v1,./data/noise_image_tulips_const.txt,5,4094,2048,0.001459
./bin/v1,./data/noise_image_tulips_const.txt,7,16,32,0.656408
./bin/v1,./data/noise_image_tulips_const.txt,7,16,64,0.410826
./bin/v1,./data/noise_image_tulips_const.txt,7,16,128,0.294254
./bin/v1,./data/noise_image_tulips_const.txt,7,16,256,0.289112
./bin/v1,./data/noise_image_tulips_const.txt,7,16,512,0.360448
./bin/v1,./data/noise_image_tulips_const.txt,7,16,1024,0.517044
./bin/v1,./data/noise_image_tulips_const.txt,7,16,2048,0.002277
./bin/v1,./data/noise_image_tulips_const.txt,7,32,32,0.337604
./bin/v1,./data/noise_image_tulips_const.txt,7,32,64,0.230580
./bin/v1,./data/noise_image_tulips_const.txt,7,32,128,0.196285
./bin/v1,./data/noise_image_tulips_const.txt,7,32,256,0.205661
./bin/v1,./data/noise_image_tulips_const.txt,7,32,512,0.317688
./bin/v1,./data/noise_image_tulips_const.txt,7,32,1024,0.519507
./bin/v1,./data/noise_image_tulips_const.txt,7,32,2048,0.002200
./bin/v1,./data/noise_image_tulips_const.txt,7,64,32,0.231645
./bin/v1,./data/noise_image_tulips_const.txt,7,64,64,0.199670
./bin/v1,./data/noise_image_tulips_const.txt,7,64,128,0.206957
./bin/v1,./data/noise_image_tulips_const.txt,7,64,256,0.243772
./bin/v1,./data/noise_image_tulips_const.txt,7,64,512,0.318525
./bin/v1,./data/noise_image_tulips_const.txt,7,64,1024,0.518396
./bin/v1,./data/noise_image_tulips_const.txt,7,64,2048,0.002314
./bin/v1,./data/noise_image_tulips_const.txt,7,128,32,0.191487
./bin/v1,./data/noise_image_tulips_const.txt,7,128,64,0.197660
./bin/v1,./data/noise_image_tulips_const.txt,7,128,128,0.224112
./bin/v1,./data/noise_image_tulips_const.txt,7,128,256,0.246020
./bin/v1,./data/noise_image_tulips_const.txt,7,128,512,0.368421
./bin/v1,./data/noise_image_tulips_const.txt,7,128,1024,0.519981
./bin/v1,./data/noise_image_tulips_const.txt,7,128,2048,0.002533
./bin/v1,./data/noise_image_tulips_const.txt,7,256,32,0.194292
./bin/v1,./data/noise_image_tulips_const.txt,7,256,64,0.206666
./bin/v1,./data/noise_image_tulips_const.txt,7,256,128,0.237309
./bin/v1,./data/noise_image_tulips_const.txt,7,256,256,0.248111
./bin/v1,./data/noise_image_tulips_const.txt,7,256,512,0.368538
./bin/v1,./data/noise_image_tulips_const.txt,7,256,1024,0.521525
./bin/v1,./data/noise_image_tulips_const.txt,7,256,2048,0.002333
./bin/v1,./data/noise_image_tulips_const.txt,7,512,32,0.214758
./bin/v1,./data/noise_image_tulips_const.txt,7,512,64,0.227468
./bin/v1,./data/noise_image_tulips_const.txt,7,512,128,0.236885
./bin/v1,./data/noise_image_tulips_const.txt,7,512,256,0.247548
./bin/v1,./data/noise_image_tulips_const.txt,7,512,512,0.368966
./bin/v1,./data/noise_image_tulips_const.txt,7,512,1024,0.520910
./bin/v1,./data/noise_image_tulips_const.txt,7,512,2048,0.002247
./bin/v1,./data/noise_image_tulips_const.txt,7,1024,32,0.221498
./bin/v1,./data/noise_image_tulips_const.txt,7,1024,64,0.227186
./bin/v1,./data/noise_image_tulips_const.txt,7,1024,128,0.237260
./bin/v1,./data/noise_image_tulips_const.txt,7,1024,256,0.247985
./bin/v1,./data/noise_image_tulips_const.txt,7,1024,512,0.369058
./bin/v1,./data/noise_image_tulips_const.txt,7,1024,1024,0.522783
./bin/v1,./data/noise_image_tulips_const.txt,7,1024,2048,0.002224
./bin/v1,./data/noise_image_tulips_const.txt,7,2048,32,0.218642
./bin/v1,./data/noise_image_tulips_const.txt,7,2048,64,0.227164
./bin/v1,./data/noise_image_tulips_const.txt,7,2048,128,0.238314
./bin/v1,./data/noise_image_tulips_const.txt,7,2048,256,0.247830
./bin/v1,./data/noise_image_tulips_const.txt,7,2048,512,0.368841
./bin/v1,./data/noise_image_tulips_const.txt,7,2048,1024,0.520021
./bin/v1,./data/noise_image_tulips_const.txt,7,2048,2048,0.002258
./bin/v1,./data/noise_image_tulips_const.txt,7,4094,32,0.220669
./bin/v1,./data/noise_image_tulips_const.txt,7,4094,64,0.285879
./bin/v1,./data/noise_image_tulips_const.txt,7,4094,128,0.317093
./bin/v1,./data/noise_image_tulips_const.txt,7,4094,256,0.247506
./bin/v1,./data/noise_image_tulips_const.txt,7,4094,512,0.368406
./bin/v1,./data/noise_image_tulips_const.txt,7,4094,1024,0.520406
./bin/v1,./data/noise_image_tulips_const.txt,7,4094,2048,0.002258
./bin/v1,./data/noise_image_house_const.txt,3,16,32,0.015607
./bin/v1,./data/noise_image_house_const.txt,3,16,64,0.008173
./bin/v1,./data/noise_image_house_const.txt,3,16,128,0.004661
./bin/v1,./data/noise_image_house_const.txt,3,16,256,0.002828
./bin/v1,./data/noise_image_house_const.txt,3,16,512,0.003222
./bin/v1,./data/noise_image_house_const.txt,3,16,1024,0.005623
./bin/v1,./data/noise_image_house_const.txt,3,16,2048,0.000343
./bin/v1,./data/noise_image_house_const.txt,3,32,32,0.008054
./bin/v1,./data/noise_image_house_const.txt,3,32,64,0.004517
./bin/v1,./data/noise_image_house_const.txt,3,32,128,0.002793
./bin/v1,./data/noise_image_house_const.txt,3,32,256,0.002859
./bin/v1,./data/noise_image_house_const.txt,3,32,512,0.007101
./bin/v1,./data/noise_image_house_const.txt,3,32,1024,0.013347
./bin/v1,./data/noise_image_house_const.txt,3,32,2048,0.000314
./bin/v1,./data/noise_image_house_const.txt,3,64,32,0.009627
./bin/v1,./data/noise_image_house_const.txt,3,64,64,0.005693
./bin/v1,./data/noise_image_house_const.txt,3,64,128,0.005868
./bin/v1,./data/noise_image_house_const.txt,3,64,256,0.005800
./bin/v1,./data/noise_image_house_const.txt,3,64,512,0.007053
./bin/v1,./data/noise_image_house_const.txt,3,64,1024,0.013306
./bin/v1,./data/noise_image_house_const.txt,3,64,2048,0.000330
./bin/v1,./data/noise_image_house_const.txt,3,128,32,0.005554
./bin/v1,./data/noise_image_house_const.txt,3,128,64,0.005725
./bin/v1,./data/noise_image_house_const.txt,3,128,128,0.005715
./bin/v1,./data/noise_image_house_const.txt,3,128,256,0.007524
./bin/v1,./data/noise_image_house_const.txt,3,128,512,0.012956
./bin/v1,./data/noise_image_house_const.txt,3,128,1024,0.013008
./bin/v1,./data/noise_image_house_const.txt,3,128,2048,0.000320
./bin/v1,./data/noise_image_house_const.txt,3,256,32,0.005506
./bin/v1,./data/noise_image_house_const.txt,3,256,64,0.005766
./bin/v1,./data/noise_image_house_const.txt,3,256,128,0.005615
./bin/v1,./data/noise_image_house_const.txt,3,256,256,0.007560
./bin/v1,./data/noise_image_house_const.txt,3,256,512,0.012959
./bin/v1,./data/noise_image_house_const.txt,3,256,1024,0.013010
./bin/v1,./data/noise_image_house_const.txt,3,256,2048,0.000294
./bin/v1,./data/noise_image_house_const.txt,3,512,32,0.005542
./bin/v1,./data/noise_image_house_const.txt,3,512,64,0.005604
./bin/v1,./data/noise_image_house_const.txt,3,512,128,0.005650
./bin/v1,./data/noise_image_house_const.txt,3,512,256,0.007518
./bin/v1,./data/noise_image_house_const.txt,3,512,512,0.012914
./bin/v1,./data/noise_image_house_const.txt,3,512,1024,0.012970
./bin/v1,./data/noise_image_house_const.txt,3,512,2048,0.000409
./bin/v1,./data/noise_image_house_const.txt,3,1024,32,0.005521
./bin/v1,./data/noise_image_house_const.txt,3,1024,64,0.005570
./bin/v1,./data/noise_image_house_const.txt,3,1024,128,0.005631
./bin/v1,./data/noise_image_house_const.txt,3,1024,256,0.007538
./bin/v1,./data/noise_image_house_const.txt,3,1024,512,0.012972
./bin/v1,./data/noise_image_house_const.txt,3,1024,1024,0.013286
./bin/v1,./data/noise_image_house_const.txt,3,1024,2048,0.000337
./bin/v1,./data/noise_image_house_const.txt,3,2048,32,0.005548
./bin/v1,./data/noise_image_house_const.txt,3,2048,64,0.005660
./bin/v1,./data/noise_image_house_const.txt,3,2048,128,0.005705
./bin/v1,./data/noise_image_house_const.txt,3,2048,256,0.007497
./bin/v1,./data/noise_image_house_const.txt,3,2048,512,0.013036
./bin/v1,./data/noise_image_house_const.txt,3,2048,1024,0.012961
./bin/v1,./data/noise_image_house_const.txt,3,2048,2048,0.000335
./bin/v1,./data/noise_image_house_const.txt,3,4094,32,0.005702
./bin/v1,./data/noise_image_house_const.txt,3,4094,64,0.005582
./bin/v1,./data/noise_image_house_const.txt,3,4094,128,0.005718
./bin/v1,./data/noise_image_house_const.txt,3,4094,256,0.006907
./bin/v1,./data/noise_image_house_const.txt,3,4094,512,0.012985
./bin/v1,./data/noise_image_house_const.txt,3,4094,1024,0.012947
./bin/v1,./data/noise_image_house_const.txt,3,4094,2048,0.000323
./bin/v1,./data/noise_image_house_const.txt,5,16,32,0.061220
./bin/v1,./data/noise_image_house_const.txt,5,16,64,0.036347
./bin/v1,./data/noise_image_house_const.txt,5,16,128,0.021642
./bin/v1,./data/noise_image_house_const.txt,5,16,256,0.017929
./bin/v1,./data/noise_image_house_const.txt,5,16,512,0.035532
./bin/v1,./data/noise_image_house_const.txt,5,16,1024,0.109000
./bin/v1,./data/noise_image_house_const.txt,5,16,2048,0.000481
./bin/v1,./data/noise_image_house_const.txt,5,32,32,0.026518
./bin/v1,./data/noise_image_house_const.txt,5,32,64,0.016152
./bin/v1,./data/noise_image_house_const.txt,5,32,128,0.010529
./bin/v1,./data/noise_image_house_const.txt,5,32,256,0.014458
./bin/v1,./data/noise_image_house_const.txt,5,32,512,0.028532
./bin/v1,./data/noise_image_house_const.txt,5,32,1024,0.087929
./bin/v1,./data/noise_image_house_const.txt,5,32,2048,0.000439
./bin/v1,./data/noise_image_house_const.txt,5,64,32,0.013992
./bin/v1,./data/noise_image_house_const.txt,5,64,64,0.009163
./bin/v1,./data/noise_image_house_const.txt,5,64,128,0.009237
./bin/v1,./data/noise_image_house_const.txt,5,64,256,0.012486
./bin/v1,./data/noise_image_house_const.txt,5,64,512,0.024317
./bin/v1,./data/noise_image_house_const.txt,5,64,1024,0.075360
./bin/v1,./data/noise_image_house_const.txt,5,64,2048,0.000449
./bin/v1,./data/noise_image_house_const.txt,5,128,32,0.008272
./bin/v1,./data/noise_image_house_const.txt,5,128,64,0.008678
./bin/v1,./data/noise_image_house_const.txt,5,128,128,0.012148
./bin/v1,./data/noise_image_house_const.txt,5,128,256,0.022516
./bin/v1,./data/noise_image_house_const.txt,5,128,512,0.046167
./bin/v1,./data/noise_image_house_const.txt,5,128,1024,0.069974
./bin/v1,./data/noise_image_house_const.txt,5,128,2048,0.000457
./bin/v1,./data/noise_image_house_const.txt,5,256,32,0.008737
./bin/v1,./data/noise_image_house_const.txt,5,256,64,0.008620
./bin/v1,./data/noise_image_house_const.txt,5,256,128,0.015348
./bin/v1,./data/noise_image_house_const.txt,5,256,256,0.030632
./bin/v1,./data/noise_image_house_const.txt,5,256,512,0.063602
./bin/v1,./data/noise_image_house_const.txt,5,256,1024,0.100022
./bin/v1,./data/noise_image_house_const.txt,5,256,2048,0.000523
./bin/v1,./data/noise_image_house_const.txt,5,512,32,0.009342
./bin/v1,./data/noise_image_house_const.txt,5,512,64,0.009460
./bin/v1,./data/noise_image_house_const.txt,5,512,128,0.013329
./bin/v1,./data/noise_image_house_const.txt,5,512,256,0.024877
./bin/v1,./data/noise_image_house_const.txt,5,512,512,0.050974
./bin/v1,./data/noise_image_house_const.txt,5,512,1024,0.077288
./bin/v1,./data/noise_image_house_const.txt,5,512,2048,0.000437
./bin/v1,./data/noise_image_house_const.txt,5,1024,32,0.008724
./bin/v1,./data/noise_image_house_const.txt,5,1024,64,0.008747
./bin/v1,./data/noise_image_house_const.txt,5,1024,128,0.012354
./bin/v1,./data/noise_image_house_const.txt,5,1024,256,0.022859
./bin/v1,./data/noise_image_house_const.txt,5,1024,512,0.046916
./bin/v1,./data/noise_image_house_const.txt,5,1024,1024,0.071106
./bin/v1,./data/noise_image_house_const.txt,5,1024,2048,0.000432
./bin/v1,./data/noise_image_house_const.txt,5,2048,32,0.008723
./bin/v1,./data/noise_image_house_const.txt,5,2048,64,0.008708
./bin/v1,./data/noise_image_house_const.txt,5,2048,128,0.015381
./bin/v1,./data/noise_image_house_const.txt,5,2048,256,0.030534
./bin/v1,./data/noise_image_house_const.txt,5,2048,512,0.064993
./bin/v1,./data/noise_image_house_const.txt,5,2048,1024,0.101993
./bin/v1,./data/noise_image_house_const.txt,5,2048,2048,0.000451
./bin/v1,./data/noise_image_house_const.txt,5,4094,32,0.010186
./bin/v1,./data/noise_image_house_const.txt,5,4094,64,0.010216
./bin/v1,./data/noise_image_house_const.txt,5,4094,128,0.013949
./bin/v1,./data/noise_image_house_const.txt,5,4094,256,0.027163
./bin/v1,./data/noise_image_house_const.txt,5,4094,512,0.055681
./bin/v1,./data/noise_image_house_const.txt,5,4094,1024,0.084602
./bin/v1,./data/noise_image_house_const.txt,5,4094,2048,0.000470
./bin/v1,./data/noise_image_house_const.txt,7,16,32,0.075865
./bin/v1,./data/noise_image_house_const.txt,7,16,64,0.048157
./bin/v1,./data/noise_image_house_const.txt,7,16,128,0.035128
./bin/v1,./data/noise_image_house_const.txt,7,16,256,0.034103
./bin/v1,./data/noise_image_house_const.txt,7,16,512,0.076899
./bin/v1,./data/noise_image_house_const.txt,7,16,1024,0.174225
./bin/v1,./data/noise_image_house_const.txt,7,16,2048,0.000699
./bin/v1,./data/noise_image_house_const.txt,7,32,32,0.030011
./bin/v1,./data/noise_image_house_const.txt,7,32,64,0.020039
./bin/v1,./data/noise_image_house_const.txt,7,32,128,0.016949
./bin/v1,./data/noise_image_house_const.txt,7,32,256,0.024633
./bin/v1,./data/noise_image_house_const.txt,7,32,512,0.055414
./bin/v1,./data/noise_image_house_const.txt,7,32,1024,0.140569
./bin/v1,./data/noise_image_house_const.txt,7,32,2048,0.000672
./bin/v1,./data/noise_image_house_const.txt,7,64,32,0.018281
./bin/v1,./data/noise_image_house_const.txt,7,64,64,0.015783
./bin/v1,./data/noise_image_house_const.txt,7,64,128,0.015784
./bin/v1,./data/noise_image_house_const.txt,7,64,256,0.022665
./bin/v1,./data/noise_image_house_const.txt,7,64,512,0.050593
./bin/v1,./data/noise_image_house_const.txt,7,64,1024,0.132554
./bin/v1,./data/noise_image_house_const.txt,7,64,2048,0.000727
./bin/v1,./data/noise_image_house_const.txt,7,128,32,0.013159
./bin/v1,./data/noise_image_house_const.txt,7,128,64,0.013227
./bin/v1,./data/noise_image_house_const.txt,7,128,128,0.019260
./bin/v1,./data/noise_image_house_const.txt,7,128,256,0.039811
./bin/v1,./data/noise_image_house_const.txt,7,128,512,0.083735
./bin/v1,./data/noise_image_house_const.txt,7,128,1024,0.110977
./bin/v1,./data/noise_image_house_const.txt,7,128,2048,0.000708
./bin/v1,./data/noise_image_house_const.txt,7,256,32,0.013421
./bin/v1,./data/noise_image_house_const.txt,7,256,64,0.013242
./bin/v1,./data/noise_image_house_const.txt,7,256,128,0.019218
./bin/v1,./data/noise_image_house_const.txt,7,256,256,0.039828
./bin/v1,./data/noise_image_house_const.txt,7,256,512,0.083606
./bin/v1,./data/noise_image_house_const.txt,7,256,1024,0.110929
./bin/v1,./data/noise_image_house_const.txt,7,256,2048,0.000924
./bin/v1,./data/noise_image_house_const.txt,7,512,32,0.013392
./bin/v1,./data/noise_image_house_const.txt,7,512,64,0.013199
./bin/v1,./data/noise_image_house_const.txt,7,512,128,0.019214
./bin/v1,./data/noise_image_house_const.txt,7,512,256,0.039812
./bin/v1,./data/noise_image_house_const.txt,7,512,512,0.083702
./bin/v1,./data/noise_image_house_const.txt,7,512,1024,0.111150
./bin/v1,./data/noise_image_house_const.txt,7,512,2048,0.000790
./bin/v1,./data/noise_image_house_const.txt,7,1024,32,0.013361
./bin/v1,./data/noise_image_house_const.txt,7,1024,64,0.013266
./bin/v1,./data/noise_image_house_const.txt,7,1024,128,0.019418
./bin/v1,./data/noise_image_house_const.txt,7,1024,256,0.039825
./bin/v1,./data/noise_image_house_const.txt,7,1024,512,0.083680
./bin/v1,./data/noise_image_house_const.txt,7,1024,1024,0.111025
./bin/v1,./data/noise_image_house_const.txt,7,1024,2048,0.000686
./bin/v1,./data/noise_image_house_const.txt,7,2048,32,0.013536
./bin/v1,./data/noise_image_house_const.txt,7,2048,64,0.013239
./bin/v1,./data/noise_image_house_const.txt,7,2048,128,0.019272
./bin/v1,./data/noise_image_house_const.txt,7,2048,256,0.039862
./bin/v1,./data/noise_image_house_const.txt,7,2048,512,0.083612
./bin/v1,./data/noise_image_house_const.txt,7,2048,1024,0.111054
./bin/v1,./data/noise_image_house_const.txt,7,2048,2048,0.000687
./bin/v1,./data/noise_image_house_const.txt,7,4094,32,0.013460
./bin/v1,./data/noise_image_house_const.txt,7,4094,64,0.013226
./bin/v1,./data/noise_image_house_const.txt,7,4094,128,0.019245
./bin/v1,./data/noise_image_house_const.txt,7,4094,256,0.040047
./bin/v1,./data/noise_image_house_const.txt,7,4094,512,0.083675
./bin/v1,./data/noise_image_house_const.txt,7,4094,1024,0.111138
./bin/v1,./data/noise_image_house_const.txt,7,4094,2048,0.000708
./bin/v2,./data/noise_image_lena_const.txt,3,16,32,2.145721
./bin/v2,./data/noise_image_lena_const.txt,3,16,64,1.044540
./bin/v2,./data/noise_image_lena_const.txt,3,16,96,0.697420
./bin/v2,./data/noise_image_lena_const.txt,3,16,128,0.524842
./bin/v2,./data/noise_image_lena_const.txt,3,16,256,0.282537
./bin/v2,./data/noise_image_lena_const.txt,3,16,512,0.218953
./bin/v2,./data/noise_image_lena_const.txt,3,16,672,0.258347
./bin/v2,./data/noise_image_lena_const.txt,3,32,32,1.075621
./bin/v2,./data/noise_image_lena_const.txt,3,32,64,0.525360
./bin/v2,./data/noise_image_lena_const.txt,3,32,96,0.362453
./bin/v2,./data/noise_image_lena_const.txt,3,32,128,0.273503
./bin/v2,./data/noise_image_lena_const.txt,3,32,256,0.162075
./bin/v2,./data/noise_image_lena_const.txt,3,32,512,0.127572
./bin/v2,./data/noise_image_lena_const.txt,3,32,672,0.170101
./bin/v2,./data/noise_image_lena_const.txt,3,64,32,0.541986
./bin/v2,./data/noise_image_lena_const.txt,3,64,64,0.279391
./bin/v2,./data/noise_image_lena_const.txt,3,64,96,0.211293
./bin/v2,./data/noise_image_lena_const.txt,3,64,128,0.165155
./bin/v2,./data/noise_image_lena_const.txt,3,64,256,0.139893
./bin/v2,./data/noise_image_lena_const.txt,3,64,512,0.132667
./bin/v2,./data/noise_image_lena_const.txt,3,64,672,0.135871
./bin/v2,./data/noise_image_lena_const.txt,3,128,32,0.288811
./bin/v2,./data/noise_image_lena_const.txt,3,128,64,0.168118
./bin/v2,./data/noise_image_lena_const.txt,3,128,96,0.149872
./bin/v2,./data/noise_image_lena_const.txt,3,128,128,0.150294
./bin/v2,./data/noise_image_lena_const.txt,3,128,256,0.141360
./bin/v2,./data/noise_image_lena_const.txt,3,128,512,0.135397
./bin/v2,./data/noise_image_lena_const.txt,3,128,672,0.135838
./bin/v2,./data/noise_image_lena_const.txt,3,256,32,0.171065
./bin/v2,./data/noise_image_lena_const.txt,3,256,64,0.144829
./bin/v2,./data/noise_image_lena_const.txt,3,256,96,0.142899
./bin/v2,./data/noise_image_lena_const.txt,3,256,128,0.131749
./bin/v2,./data/noise_image_lena_const.txt,3,256,256,0.105299
./bin/v2,./data/noise_image_lena_const.txt,3,256,512,0.135479
./bin/v2,./data/noise_image_lena_const.txt,3,256,672,0.135885
./bin/v2,./data/noise_image_lena_const.txt,3,512,32,0.146887
./bin/v2,./data/noise_image_lena_const.txt,3,512,64,0.129311
./bin/v2,./data/noise_image_lena_const.txt,3,512,96,0.122101
./bin/v2,./data/noise_image_lena_const.txt,3,512,128,0.119482
./bin/v2,./data/noise_image_lena_const.txt,3,512,256,0.122581
./bin/v2,./data/noise_image_lena_const.txt,3,512,512,0.134843
./bin/v2,./data/noise_image_lena_const.txt,3,512,672,0.137848
./bin/v2,./data/noise_image_lena_const.txt,3,1024,32,0.136182
./bin/v2,./data/noise_image_lena_const.txt,3,1024,64,0.108514
./bin/v2,./data/noise_image_lena_const.txt,3,1024,96,0.122499
./bin/v2,./data/noise_image_lena_const.txt,3,1024,128,0.118950
./bin/v2,./data/noise_image_lena_const.txt,3,1024,256,0.122669
./bin/v2,./data/noise_image_lena_const.txt,3,1024,512,0.135440
./bin/v2,./data/noise_image_lena_const.txt,3,1024,672,0.137260
./bin/v2,./data/noise_image_lena_const.txt,3,2048,32,0.127930
./bin/v2,./data/noise_image_lena_const.txt,3,2048,64,0.121425
./bin/v2,./data/noise_image_lena_const.txt,3,2048,96,0.121923
./bin/v2,./data/noise_image_lena_const.txt,3,2048,128,0.119008
./bin/v2,./data/noise_image_lena_const.txt,3,2048,256,0.123083
./bin/v2,./data/noise_image_lena_const.txt,3,2048,512,0.135380
./bin/v2,./data/noise_image_lena_const.txt,3,2048,672,0.137833
./bin/v2,./data/noise_image_lena_const.txt,3,4094,32,0.126926
./bin/v2,./data/noise_image_lena_const.txt,3,4094,64,0.121174
./bin/v2,./data/noise_image_lena_const.txt,3,4094,96,0.123151
./bin/v2,./data/noise_image_lena_const.txt,3,4094,128,0.119045
./bin/v2,./data/noise_image_lena_const.txt,3,4094,256,0.123416
./bin/v2,./data/noise_image_lena_const.txt,3,4094,512,0.136223
./bin/v2,./data/noise_image_lena_const.txt,3,4094,672,0.136927
./bin/v2,./data/noise_image_lena_const.txt,5,16,32,3.248635
./bin/v2,./data/noise_image_lena_const.txt,5,16,64,1.558356
./bin/v2,./data/noise_image_lena_const.txt,5,16,96,1.105194
./bin/v2,./data/noise_image_lena_const.txt,5,16,128,0.797769
./bin/v2,./data/noise_image_lena_const.txt,5,16,256,0.004899
./bin/v2,./data/noise_image_lena_const.txt,5,16,512,0.004956
./bin/v2,./data/noise_image_lena_const.txt,5,16,672,0.005748
./bin/v2,./data/noise_image_lena_const.txt,5,32,32,1.625360
./bin/v2,./data/noise_image_lena_const.txt,5,32,64,0.782350
./bin/v2,./data/noise_image_lena_const.txt,5,32,96,0.609151
./bin/v2,./data/noise_image_lena_const.txt,5,32,128,0.456349
./bin/v2,./data/noise_image_lena_const.txt,5,32,256,0.004913
./bin/v2,./data/noise_image_lena_const.txt,5,32,512,0.005046
./bin/v2,./data/noise_image_lena_const.txt,5,32,672,0.005090
./bin/v2,./data/noise_image_lena_const.txt,5,64,32,0.831252
./bin/v2,./data/noise_image_lena_const.txt,5,64,64,0.472322
./bin/v2,./data/noise_image_lena_const.txt,5,64,96,0.415363
./bin/v2,./data/noise_image_lena_const.txt,5,64,128,0.371380
./bin/v2,./data/noise_image_lena_const.txt,5,64,256,0.005116
./bin/v2,./data/noise_image_lena_const.txt,5,64,512,0.005226
./bin/v2,./data/noise_image_lena_const.txt,5,64,672,0.005215
./bin/v2,./data/noise_image_lena_const.txt,5,128,32,0.490202
./bin/v2,./data/noise_image_lena_const.txt,5,128,64,0.387510
./bin/v2,./data/noise_image_lena_const.txt,5,128,96,0.390975
./bin/v2,./data/noise_image_lena_const.txt,5,128,128,0.372350
./bin/v2,./data/noise_image_lena_const.txt,5,128,256,0.004933
./bin/v2,./data/noise_image_lena_const.txt,5,128,512,0.004905
./bin/v2,./data/noise_image_lena_const.txt,5,128,672,0.006215
./bin/v2,./data/noise_image_lena_const.txt,5,256,32,0.377978
./bin/v2,./data/noise_image_lena_const.txt,5,256,64,0.357820
./bin/v2,./data/noise_image_lena_const.txt,5,256,96,0.349605
./bin/v2,./data/noise_image_lena_const.txt,5,256,128,0.331826
./bin/v2,./data/noise_image_lena_const.txt,5,256,256,0.005139
./bin/v2,./data/noise_image_lena_const.txt,5,256,512,0.005088
./bin/v2,./data/noise_image_lena_const.txt,5,256,672,0.005025
./bin/v2,./data/noise_image_lena_const.txt,5,512,32,0.376797
./bin/v2,./data/noise_image_lena_const.txt,5,512,64,0.326240
./bin/v2,./data/noise_image_lena_const.txt,5,512,96,0.322390
./bin/v2,./data/noise_image_lena_const.txt,5,512,128,0.308687
./bin/v2,./data/noise_image_lena_const.txt,5,512,256,0.005006
./bin/v2,./data/noise_image_lena_const.txt,5,512,512,0.005163
./bin/v2,./data/noise_image_lena_const.txt,5,512,672,0.004875
./bin/v2,./data/noise_image_lena_const.txt,5,1024,32,0.339499
./bin/v2,./data/noise_image_lena_const.txt,5,1024,64,0.315893
./bin/v2,./data/noise_image_lena_const.txt,5,1024,96,0.322300
./bin/v2,./data/noise_image_lena_const.txt,5,1024,128,0.307738
./bin/v2,./data/noise_image_lena_const.txt,5,1024,256,0.004892
./bin/v2,./data/noise_image_lena_const.txt,5,1024,512,0.004892
./bin/v2,./data/noise_image_lena_const.txt,5,1024,672,0.005025
./bin/v2,./data/noise_image_lena_const.txt,5,2048,32,0.331272
./bin/v2,./data/noise_image_lena_const.txt,5,2048,64,0.315462
./bin/v2,./data/noise_image_lena_const.txt,5,2048,96,0.320509
./bin/v2,./data/noise_image_lena_const.txt,5,2048,128,0.307088
./bin/v2,./data/noise_image_lena_const.txt,5,2048,256,0.004997
./bin/v2,./data/noise_image_lena_const.txt,5,2048,512,0.005066
./bin/v2,./data/noise_image_lena_const.txt,5,2048,672,0.005093
./bin/v2,./data/noise_image_lena_const.txt,5,4094,32,0.330321
./bin/v2,./data/noise_image_lena_const.txt,5,4094,64,0.314557
./bin/v2,./data/noise_image_lena_const.txt,5,4094,96,0.321797
./bin/v2,./data/noise_image_lena_const.txt,5,4094,128,0.307362
./bin/v2,./data/noise_image_lena_const.txt,5,4094,256,0.004973
./bin/v2,./data/noise_image_lena_const.txt,5,4094,512,0.005019
./bin/v2,./data/noise_image_lena_const.txt,5,4094,672,0.005257
./bin/v2,./data/noise_image_lena_const.txt,7,16,32,4.772474
./bin/v2,./data/noise_image_lena_const.txt,7,16,64,2.287997
./bin/v2,./data/noise_image_lena_const.txt,7,16,96,1.679632
./bin/v2,./data/noise_image_lena_const.txt,7,16,128,0.008621
./bin/v2,./data/noise_image_lena_const.txt,7,16,256,0.008628
./bin/v2,./data/noise_image_lena_const.txt,7,16,512,0.008656
./bin/v2,./data/noise_image_lena_const.txt,7,16,672,0.008441
./bin/v2,./data/noise_image_lena_const.txt,7,32,32,2.395059
./bin/v2,./data/noise_image_lena_const.txt,7,32,64,1.192609
./bin/v2,./data/noise_image_lena_const.txt,7,32,96,0.936817
./bin/v2,./data/noise_image_lena_const.txt,7,32,128,0.008474
./bin/v2,./data/noise_image_lena_const.txt,7,32,256,0.008562
./bin/v2,./data/noise_image_lena_const.txt,7,32,512,0.008530
./bin/v2,./data/noise_image_lena_const.txt,7,32,672,0.008675
./bin/v2,./data/noise_image_lena_const.txt,7,64,32,1.271044
./bin/v2,./data/noise_image_lena_const.txt,7,64,64,0.791808
./bin/v2,./data/noise_image_lena_const.txt,7,64,96,0.932669
./bin/v2,./data/noise_image_lena_const.txt,7,64,128,0.008474
./bin/v2,./data/noise_image_lena_const.txt,7,64,256,0.008624
./bin/v2,./data/noise_image_lena_const.txt,7,64,512,0.008684
./bin/v2,./data/noise_image_lena_const.txt,7,64,672,0.008774
./bin/v2,./data/noise_image_lena_const.txt,7,128,32,0.825618
./bin/v2,./data/noise_image_lena_const.txt,7,128,64,0.779051
./bin/v2,./data/noise_image_lena_const.txt,7,128,96,0.910005
./bin/v2,./data/noise_image_lena_const.txt,7,128,128,0.008553
./bin/v2,./data/noise_image_lena_const.txt,7,128,256,0.008488
./bin/v2,./data/noise_image_lena_const.txt,7,128,512,0.008881
./bin/v2,./data/noise_image_lena_const.txt,7,128,672,0.009356
./bin/v2,./data/noise_image_lena_const.txt,7,256,32,0.830715
./bin/v2,./data/noise_image_lena_const.txt,7,256,64,0.811852
./bin/v2,./data/noise_image_lena_const.txt,7,256,96,0.801465
./bin/v2,./data/noise_image_lena_const.txt,7,256,128,0.008440
./bin/v2,./data/noise_image_lena_const.txt,7,256,256,0.008456
./bin/v2,./data/noise_image_lena_const.txt,7,256,512,0.008596
./bin/v2,./data/noise_image_lena_const.txt,7,256,672,0.008505
./bin/v2,./data/noise_image_lena_const.txt,7,512,32,0.703712
./bin/v2,./data/noise_image_lena_const.txt,7,512,64,0.708461
./bin/v2,./data/noise_image_lena_const.txt,7,512,96,0.794649
./bin/v2,./data/noise_image_lena_const.txt,7,512,128,0.008476
./bin/v2,./data/noise_image_lena_const.txt,7,512,256,0.008630
./bin/v2,./data/noise_image_lena_const.txt,7,512,512,0.008729
./bin/v2,./data/noise_image_lena_const.txt,7,512,672,0.008549
./bin/v2,./data/noise_image_lena_const.txt,7,1024,32,0.704015
./bin/v2,./data/noise_image_lena_const.txt,7,1024,64,0.673029
./bin/v2,./data/noise_image_lena_const.txt,7,1024,96,0.798479
./bin/v2,./data/noise_image_lena_const.txt,7,1024,128,0.008469
./bin/v2,./data/noise_image_lena_const.txt,7,1024,256,0.008398
./bin/v2,./data/noise_image_lena_const.txt,7,1024,512,0.010960
./bin/v2,./data/noise_image_lena_const.txt,7,1024,672,0.008291
./bin/v2,./data/noise_image_lena_const.txt,7,2048,32,0.699892
./bin/v2,./data/noise_image_lena_const.txt,7,2048,64,0.672417
./bin/v2,./data/noise_image_lena_const.txt,7,2048,96,0.799006
./bin/v2,./data/noise_image_lena_const.txt,7,2048,128,0.008508
./bin/v2,./data/noise_image_lena_const.txt,7,2048,256,0.008672
./bin/v2,./data/noise_image_lena_const.txt,7,2048,512,0.008681
./bin/v2,./data/noise_image_lena_const.txt,7,2048,672,0.008572
./bin/v2,./data/noise_image_lena_const.txt,7,4094,32,0.698625
./bin/v2,./data/noise_image_lena_const.txt,7,4094,64,0.673016
./bin/v2,./data/noise_image_lena_const.txt,7,4094,96,0.802471
./bin/v2,./data/noise_image_lena_const.txt,7,4094,128,0.008535
./bin/v2,./data/noise_image_lena_const.txt,7,4094,256,0.008655
./bin/v2,./data/noise_image_lena_const.txt,7,4094,512,0.008821
./bin/v2,./data/noise_image_lena_const.txt,7,4094,672,0.008560
./bin/v2,./data/noise_image_tulips_const.txt,3,16,32,0.135660
./bin/v2,./data/noise_image_tulips_const.txt,3,16,64,0.066746
./bin/v2,./data/noise_image_tulips_const.txt,3,16,96,0.045942
./bin/v2,./data/noise_image_tulips_const.txt,3,16,128,0.034600
./bin/v2,./data/noise_image_tulips_const.txt,3,16,256,0.019122
./bin/v2,./data/noise_image_tulips_const.txt,3,16,512,0.014326
./bin/v2,./data/noise_image_tulips_const.txt,3,16,672,0.018914
./bin/v2,./data/noise_image_tulips_const.txt,3,32,32,0.068770
./bin/v2,./data/noise_image_tulips_const.txt,3,32,64,0.034305
./bin/v2,./data/noise_image_tulips_const.txt,3,32,96,0.025986
./bin/v2,./data/noise_image_tulips_const.txt,3,32,128,0.024482
./bin/v2,./data/noise_image_tulips_const.txt,3,32,256,0.014307
./bin/v2,./data/noise_image_tulips_const.txt,3,32,512,0.011833
./bin/v2,./data/noise_image_tulips_const.txt,3,32,672,0.015982
./bin/v2,./data/noise_image_tulips_const.txt,3,64,32,0.062969
./bin/v2,./data/noise_image_tulips_const.txt,3,64,64,0.032050
./bin/v2,./data/noise_image_tulips_const.txt,3,64,96,0.025279
./bin/v2,./data/noise_image_tulips_const.txt,3,64,128,0.018532
./bin/v2,./data/noise_image_tulips_const.txt,3,64,256,0.015575
./bin/v2,./data/noise_image_tulips_const.txt,3,64,512,0.015439
./bin/v2,./data/noise_image_tulips_const.txt,3,64,672,0.021408
./bin/v2,./data/noise_image_tulips_const.txt,3,128,32,0.041570
./bin/v2,./data/noise_image_tulips_const.txt,3,128,64,0.022979
./bin/v2,./data/noise_image_tulips_const.txt,3,128,96,0.024674
./bin/v2,./data/noise_image_tulips_const.txt,3,128,128,0.019993
./bin/v2,./data/noise_image_tulips_const.txt,3,128,256,0.020093
./bin/v2,./data/noise_image_tulips_const.txt,3,128,512,0.018863
./bin/v2,./data/noise_image_tulips_const.txt,3,128,672,0.025035
./bin/v2,./data/noise_image_tulips_const.txt,3,256,32,0.025998
./bin/v2,./data/noise_image_tulips_const.txt,3,256,64,0.020090
./bin/v2,./data/noise_image_tulips_const.txt,3,256,96,0.023924
./bin/v2,./data/noise_image_tulips_const.txt,3,256,128,0.021018
./bin/v2,./data/noise_image_tulips_const.txt,3,256,256,0.020147
./bin/v2,./data/noise_image_tulips_const.txt,3,256,512,0.019007
./bin/v2,./data/noise_image_tulips_const.txt,3,256,672,0.025030
./bin/v2,./data/noise_image_tulips_const.txt,3,512,32,0.020390
./bin/v2,./data/noise_image_tulips_const.txt,3,512,64,0.020213
./bin/v2,./data/noise_image_tulips_const.txt,3,512,96,0.023900
./bin/v2,./data/noise_image_tulips_const.txt,3,512,128,0.020996
./bin/v2,./data/noise_image_tulips_const.txt,3,512,256,0.020186
./bin/v2,./data/noise_image_tulips_const.txt,3,512,512,0.018806
./bin/v2,./data/noise_image_tulips_const.txt,3,512,672,0.025071
./bin/v2,./data/noise_image_tulips_const.txt,3,1024,32,0.020934
./bin/v2,./data/noise_image_tulips_const.txt,3,1024,64,0.020216
./bin/v2,./data/noise_image_tulips_const.txt,3,1024,96,0.023865
./bin/v2,./data/noise_image_tulips_const.txt,3,1024,128,0.021024
./bin/v2,./data/noise_image_tulips_const.txt,3,1024,256,0.020152
./bin/v2,./data/noise_image_tulips_const.txt,3,1024,512,0.018854
./bin/v2,./data/noise_image_tulips_const.txt,3,1024,672,0.025034
./bin/v2,./data/noise_image_tulips_const.txt,3,2048,32,0.020886
./bin/v2,./data/noise_image_tulips_const.txt,3,2048,64,0.020215
./bin/v2,./data/noise_image_tulips_const.txt,3,2048,96,0.023948
./bin/v2,./data/noise_image_tulips_const.txt,3,2048,128,0.019165
./bin/v2,./data/noise_image_tulips_const.txt,3,2048,256,0.018982
./bin/v2,./data/noise_image_tulips_const.txt,3,2048,512,0.018833
./bin/v2,./data/noise_image_tulips_const.txt,3,2048,672,0.025004
./bin/v2,./data/noise_image_tulips_const.txt,3,4094,32,0.020851
./bin/v2,./data/noise_image_tulips_const.txt,3,4094,64,0.018147
./bin/v2,./data/noise_image_tulips_const.txt,3,4094,96,0.021376
./bin/v2,./data/noise_image_tulips_const.txt,3,4094,128,0.019283
./bin/v2,./data/noise_image_tulips_const.txt,3,4094,256,0.018979
./bin/v2,./data/noise_image_tulips_const.txt,3,4094,512,0.018947
./bin/v2,./data/noise_image_tulips_const.txt,3,4094,672,0.025077
./bin/v2,./data/noise_image_tulips_const.txt,5,16,32,0.335828
./bin/v2,./data/noise_image_tulips_const.txt,5,16,64,0.099512
./bin/v2,./data/noise_image_tulips_const.txt,5,16,96,0.072343
./bin/v2,./data/noise_image_tulips_const.txt,5,16,128,0.051871
./bin/v2,./data/noise_image_tulips_const.txt,5,16,256,0.001598
./bin/v2,./data/noise_image_tulips_const.txt,5,16,512,0.001483
./bin/v2,./data/noise_image_tulips_const.txt,5,16,672,0.001377
./bin/v2,./data/noise_image_tulips_const.txt,5,32,32,0.102101
./bin/v2,./data/noise_image_tulips_const.txt,5,32,64,0.050825
./bin/v2,./data/noise_image_tulips_const.txt,5,32,96,0.041124
./bin/v2,./data/noise_image_tulips_const.txt,5,32,128,0.027663
./bin/v2,./data/noise_image_tulips_const.txt,5,32,256,0.001414
./bin/v2,./data/noise_image_tulips_const.txt,5,32,512,0.001395
./bin/v2,./data/noise_image_tulips_const.txt,5,32,672,0.001394
./bin/v2,./data/noise_image_tulips_const.txt,5,64,32,0.053381
./bin/v2,./data/noise_image_tulips_const.txt,5,64,64,0.028582
./bin/v2,./data/noise_image_tulips_const.txt,5,64,96,0.025917
./bin/v2,./data/noise_image_tulips_const.txt,5,64,128,0.025224
./bin/v2,./data/noise_image_tulips_const.txt,5,64,256,0.001384
./bin/v2,./data/noise_image_tulips_const.txt,5,64,512,0.001404
./bin/v2,./data/noise_image_tulips_const.txt,5,64,672,0.001387
./bin/v2,./data/noise_image_tulips_const.txt,5,128,32,0.049988
./bin/v2,./data/noise_image_tulips_const.txt,5,128,64,0.039052
./bin/v2,./data/noise_image_tulips_const.txt,5,128,96,0.036876
./bin/v2,./data/noise_image_tulips_const.txt,5,128,128,0.037272
./bin/v2,./data/noise_image_tulips_const.txt,5,128,256,0.001406
./bin/v2,./data/noise_image_tulips_const.txt,5,128,512,0.001400
./bin/v2,./data/noise_image_tulips_const.txt,5,128,672,0.001385
./bin/v2,./data/noise_image_tulips_const.txt,5,256,32,0.048683
./bin/v2,./data/noise_image_tulips_const.txt,5,256,64,0.047284
./bin/v2,./data/noise_image_tulips_const.txt,5,256,96,0.050278
./bin/v2,./data/noise_image_tulips_const.txt,5,256,128,0.052276
./bin/v2,./data/noise_image_tulips_const.txt,5,256,256,0.001415
./bin/v2,./data/noise_image_tulips_const.txt,5,256,512,0.002244
./bin/v2,./data/noise_image_tulips_const.txt,5,256,672,0.001413
./bin/v2,./data/noise_image_tulips_const.txt,5,512,32,0.053628
./bin/v2,./data/noise_image_tulips_const.txt,5,512,64,0.050765
./bin/v2,./data/noise_image_tulips_const.txt,5,512,96,0.052660
./bin/v2,./data/noise_image_tulips_const.txt,5,512,128,0.053686
./bin/v2,./data/noise_image_tulips_const.txt,5,512,256,0.001423
./bin/v2,./data/noise_image_tulips_const.txt,5,512,512,0.001609
./bin/v2,./data/noise_image_tulips_const.txt,5,512,672,0.001396
./bin/v2,./data/noise_image_tulips_const.txt,5,1024,32,0.053310
./bin/v2,./data/noise_image_tulips_const.txt,5,1024,64,0.050572
./bin/v2,./data/noise_image_tulips_const.txt,5,1024,96,0.052655
./bin/v2,./data/noise_image_tulips_const.txt,5,1024,128,0.054731
./bin/v2,./data/noise_image_tulips_const.txt,5,1024,256,0.001422
./bin/v2,./data/noise_image_tulips_const.txt,5,1024,512,0.001431
./bin/v2,./data/noise_image_tulips_const.txt,5,1024,672,0.001678
./bin/v2,./data/noise_image_tulips_const.txt,5,2048,32,0.053417
./bin/v2,./data/noise_image_tulips_const.txt,5,2048,64,0.050749
./bin/v2,./data/noise_image_tulips_const.txt,5,2048,96,0.052701
./bin/v2,./data/noise_image_tulips_const.txt,5,2048,128,0.053631
./bin/v2,./data/noise_image_tulips_const.txt,5,2048,256,0.001465
./bin/v2,./data/noise_image_tulips_const.txt,5,2048,512,0.001386
./bin/v2,./data/noise_image_tulips_const.txt,5,2048,672,0.001955
./bin/v2,./data/noise_image_tulips_const.txt,5,4094,32,0.053283
./bin/v2,./data/noise_image_tulips_const.txt,5,4094,64,0.050811
./bin/v2,./data/noise_image_tulips_const.txt,5,4094,96,0.052681
./bin/v2,./data/noise_image_tulips_const.txt,5,4094,128,0.053699
./bin/v2,./data/noise_image_tulips_const.txt,5,4094,256,0.001427
./bin/v2,./data/noise_image_tulips_const.txt,5,4094,512,0.001450
./bin/v2,./data/noise_image_tulips_const.txt,5,4094,672,0.001423
./bin/v2,./data/noise_image_tulips_const.txt,7,16,32,0.463767
./bin/v2,./data/noise_image_tulips_const.txt,7,16,64,0.145843
./bin/v2,./data/noise_image_tulips_const.txt,7,16,96,0.110188
./bin/v2,./data/noise_image_tulips_const.txt,7,16,128,0.002281
./bin/v2,./data/noise_image_tulips_const.txt,7,16,256,0.002306
./bin/v2,./data/noise_image_tulips_const.txt,7,16,512,0.002222
./bin/v2,./data/noise_image_tulips_const.txt,7,16,672,0.002340
./bin/v2,./data/noise_image_tulips_const.txt,7,32,32,0.151238
./bin/v2,./data/noise_image_tulips_const.txt,7,32,64,0.076005
./bin/v2,./data/noise_image_tulips_const.txt,7,32,96,0.063419
./bin/v2,./data/noise_image_tulips_const.txt,7,32,128,0.002837
./bin/v2,./data/noise_image_tulips_const.txt,7,32,256,0.002272
./bin/v2,./data/noise_image_tulips_const.txt,7,32,512,0.002516
./bin/v2,./data/noise_image_tulips_const.txt,7,32,672,0.002281
./bin/v2,./data/noise_image_tulips_const.txt,7,64,32,0.079647
./bin/v2,./data/noise_image_tulips_const.txt,7,64,64,0.048828
./bin/v2,./data/noise_image_tulips_const.txt,7,64,96,0.064404
./bin/v2,./data/noise_image_tulips_const.txt,7,64,128,0.002294
./bin/v2,./data/noise_image_tulips_const.txt,7,64,256,0.002229
./bin/v2,./data/noise_image_tulips_const.txt,7,64,512,0.002267
./bin/v2,./data/noise_image_tulips_const.txt,7,64,672,0.002235
./bin/v2,./data/noise_image_tulips_const.txt,7,128,32,0.072859
./bin/v2,./data/noise_image_tulips_const.txt,7,128,64,0.068814
./bin/v2,./data/noise_image_tulips_const.txt,7,128,96,0.079128
./bin/v2,./data/noise_image_tulips_const.txt,7,128,128,0.002230
./bin/v2,./data/noise_image_tulips_const.txt,7,128,256,0.002246
./bin/v2,./data/noise_image_tulips_const.txt,7,128,512,0.003282
./bin/v2,./data/noise_image_tulips_const.txt,7,128,672,0.002422
./bin/v2,./data/noise_image_tulips_const.txt,7,256,32,0.095771
./bin/v2,./data/noise_image_tulips_const.txt,7,256,64,0.073320
./bin/v2,./data/noise_image_tulips_const.txt,7,256,96,0.082437
./bin/v2,./data/noise_image_tulips_const.txt,7,256,128,0.002265
./bin/v2,./data/noise_image_tulips_const.txt,7,256,256,0.002219
./bin/v2,./data/noise_image_tulips_const.txt,7,256,512,0.002487
./bin/v2,./data/noise_image_tulips_const.txt,7,256,672,0.002328
./bin/v2,./data/noise_image_tulips_const.txt,7,512,32,0.059922
./bin/v2,./data/noise_image_tulips_const.txt,7,512,64,0.071079
./bin/v2,./data/noise_image_tulips_const.txt,7,512,96,0.078026
./bin/v2,./data/noise_image_tulips_const.txt,7,512,128,0.002278
./bin/v2,./data/noise_image_tulips_const.txt,7,512,256,0.002803
./bin/v2,./data/noise_image_tulips_const.txt,7,512,512,0.002239
./bin/v2,./data/noise_image_tulips_const.txt,7,512,672,0.002986
./bin/v2,./data/noise_image_tulips_const.txt,7,1024,32,0.056780
./bin/v2,./data/noise_image_tulips_const.txt,7,1024,64,0.066557
./bin/v2,./data/noise_image_tulips_const.txt,7,1024,96,0.074426
./bin/v2,./data/noise_image_tulips_const.txt,7,1024,128,0.002239
./bin/v2,./data/noise_image_tulips_const.txt,7,1024,256,0.002215
./bin/v2,./data/noise_image_tulips_const.txt,7,1024,512,0.002273
./bin/v2,./data/noise_image_tulips_const.txt,7,1024,672,0.002232
./bin/v2,./data/noise_image_tulips_const.txt,7,2048,32,0.086682
./bin/v2,./data/noise_image_tulips_const.txt,7,2048,64,0.089760
./bin/v2,./data/noise_image_tulips_const.txt,7,2048,96,0.087022
./bin/v2,./data/noise_image_tulips_const.txt,7,2048,128,0.002264
./bin/v2,./data/noise_image_tulips_const.txt,7,2048,256,0.002582
./bin/v2,./data/noise_image_tulips_const.txt,7,2048,512,0.002263
./bin/v2,./data/noise_image_tulips_const.txt,7,2048,672,0.002207
./bin/v2,./data/noise_image_tulips_const.txt,7,4094,32,0.066023
./bin/v2,./data/noise_image_tulips_const.txt,7,4094,64,0.079295
./bin/v2,./data/noise_image_tulips_const.txt,7,4094,96,0.082144
./bin/v2,./data/noise_image_tulips_const.txt,7,4094,128,0.002357
./bin/v2,./data/noise_image_tulips_const.txt,7,4094,256,0.002261
./bin/v2,./data/noise_image_tulips_const.txt,7,4094,512,0.002286
./bin/v2,./data/noise_image_tulips_const.txt,7,4094,672,0.002275
./bin/v2,./data/noise_image_house_const.txt,3,16,32,0.013164
./bin/v2,./data/noise_image_house_const.txt,3,16,64,0.006793
./bin/v2,./data/noise_image_house_const.txt,3,16,96,0.005297
./bin/v2,./data/noise_image_house_const.txt,3,16,128,0.003962
./bin/v2,./data/noise_image_house_const.txt,3,16,256,0.002374
./bin/v2,./data/noise_image_house_const.txt,3,16,512,0.003162
./bin/v2,./data/noise_image_house_const.txt,3,16,672,0.003997
./bin/v2,./data/noise_image_house_const.txt,3,32,32,0.012320
./bin/v2,./data/noise_image_house_const.txt,3,32,64,0.006373
./bin/v2,./data/noise_image_house_const.txt,3,32,96,0.006302
./bin/v2,./data/noise_image_house_const.txt,3,32,128,0.003580
./bin/v2,./data/noise_image_house_const.txt,3,32,256,0.003771
./bin/v2,./data/noise_image_house_const.txt,3,32,512,0.005205
./bin/v2,./data/noise_image_house_const.txt,3,32,672,0.006678
./bin/v2,./data/noise_image_house_const.txt,3,64,32,0.006641
./bin/v2,./data/noise_image_house_const.txt,3,64,64,0.003638
./bin/v2,./data/noise_image_house_const.txt,3,64,96,0.003678
./bin/v2,./data/noise_image_house_const.txt,3,64,128,0.003473
./bin/v2,./data/noise_image_house_const.txt,3,64,256,0.003999
./bin/v2,./data/noise_image_house_const.txt,3,64,512,0.005039
./bin/v2,./data/noise_image_house_const.txt,3,64,672,0.006489
./bin/v2,./data/noise_image_house_const.txt,3,128,32,0.003655
./bin/v2,./data/noise_image_house_const.txt,3,128,64,0.003542
./bin/v2,./data/noise_image_house_const.txt,3,128,96,0.003657
./bin/v2,./data/noise_image_house_const.txt,3,128,128,0.003693
./bin/v2,./data/noise_image_house_const.txt,3,128,256,0.005325
./bin/v2,./data/noise_image_house_const.txt,3,128,512,0.005049
./bin/v2,./data/noise_image_house_const.txt,3,128,672,0.006673
./bin/v2,./data/noise_image_house_const.txt,3,256,32,0.003646
./bin/v2,./data/noise_image_house_const.txt,3,256,64,0.003506
./bin/v2,./data/noise_image_house_const.txt,3,256,96,0.003634
./bin/v2,./data/noise_image_house_const.txt,3,256,128,0.003706
./bin/v2,./data/noise_image_house_const.txt,3,256,256,0.005357
./bin/v2,./data/noise_image_house_const.txt,3,256,512,0.005048
./bin/v2,./data/noise_image_house_const.txt,3,256,672,0.006557
./bin/v2,./data/noise_image_house_const.txt,3,512,32,0.003643
./bin/v2,./data/noise_image_house_const.txt,3,512,64,0.003536
./bin/v2,./data/noise_image_house_const.txt,3,512,96,0.003637
./bin/v2,./data/noise_image_house_const.txt,3,512,128,0.003675
./bin/v2,./data/noise_image_house_const.txt,3,512,256,0.005340
./bin/v2,./data/noise_image_house_const.txt,3,512,512,0.005096
./bin/v2,./data/noise_image_house_const.txt,3,512,672,0.006501
./bin/v2,./data/noise_image_house_const.txt,3,1024,32,0.003645
./bin/v2,./data/noise_image_house_const.txt,3,1024,64,0.003571
./bin/v2,./data/noise_image_house_const.txt,3,1024,96,0.003695
./bin/v2,./data/noise_image_house_const.txt,3,1024,128,0.003682
./bin/v2,./data/noise_image_house_const.txt,3,1024,256,0.005360
./bin/v2,./data/noise_image_house_const.txt,3,1024,512,0.005017
./bin/v2,./data/noise_image_house_const.txt,3,1024,672,0.006561
./bin/v2,./data/noise_image_house_const.txt,3,2048,32,0.003617
./bin/v2,./data/noise_image_house_const.txt,3,2048,64,0.003581
./bin/v2,./data/noise_image_house_const.txt,3,2048,96,0.003793
./bin/v2,./data/noise_image_house_const.txt,3,2048,128,0.003832
./bin/v2,./data/noise_image_house_const.txt,3,2048,256,0.005301
./bin/v2,./data/noise_image_house_const.txt,3,2048,512,0.005062
./bin/v2,./data/noise_image_house_const.txt,3,2048,672,0.006597
./bin/v2,./data/noise_image_house_const.txt,3,4094,32,0.003680
./bin/v2,./data/noise_image_house_const.txt,3,4094,64,0.003511
./bin/v2,./data/noise_image_house_const.txt,3,4094,96,0.003739
./bin/v2,./data/noise_image_house_const.txt,3,4094,128,0.003700
./bin/v2,./data/noise_image_house_const.txt,3,4094,256,0.005088
./bin/v2,./data/noise_image_house_const.txt,3,4094,512,0.005158
./bin/v2,./data/noise_image_house_const.txt,3,4094,672,0.006529
./bin/v2,./data/noise_image_house_const.txt,5,16,32,0.033745
./bin/v2,./data/noise_image_house_const.txt,5,16,64,0.017771
./bin/v2,./data/noise_image_house_const.txt,5,16,96,0.013569
./bin/v2,./data/noise_image_house_const.txt,5,16,128,0.009461
./bin/v2,./data/noise_image_house_const.txt,5,16,256,0.000429
./bin/v2,./data/noise_image_house_const.txt,5,16,512,0.000453
./bin/v2,./data/noise_image_house_const.txt,5,16,672,0.000432
./bin/v2,./data/noise_image_house_const.txt,5,32,32,0.017652
./bin/v2,./data/noise_image_house_const.txt,5,32,64,0.009022
./bin/v2,./data/noise_image_house_const.txt,5,32,96,0.009401
./bin/v2,./data/noise_image_house_const.txt,5,32,128,0.005177
./bin/v2,./data/noise_image_house_const.txt,5,32,256,0.000443
./bin/v2,./data/noise_image_house_const.txt,5,32,512,0.000438
./bin/v2,./data/noise_image_house_const.txt,5,32,672,0.000464
./bin/v2,./data/noise_image_house_const.txt,5,64,32,0.009404
./bin/v2,./data/noise_image_house_const.txt,5,64,64,0.005386
./bin/v2,./data/noise_image_house_const.txt,5,64,96,0.006160
./bin/v2,./data/noise_image_house_const.txt,5,64,128,0.005230
./bin/v2,./data/noise_image_house_const.txt,5,64,256,0.000431
./bin/v2,./data/noise_image_house_const.txt,5,64,512,0.000439
./bin/v2,./data/noise_image_house_const.txt,5,64,672,0.000472
./bin/v2,./data/noise_image_house_const.txt,5,128,32,0.005457
./bin/v2,./data/noise_image_house_const.txt,5,128,64,0.005355
./bin/v2,./data/noise_image_house_const.txt,5,128,96,0.006184
./bin/v2,./data/noise_image_house_const.txt,5,128,128,0.007231
./bin/v2,./data/noise_image_house_const.txt,5,128,256,0.000501
./bin/v2,./data/noise_image_house_const.txt,5,128,512,0.000432
./bin/v2,./data/noise_image_house_const.txt,5,128,672,0.000498
./bin/v2,./data/noise_image_house_const.txt,5,256,32,0.005437
./bin/v2,./data/noise_image_house_const.txt,5,256,64,0.005354
./bin/v2,./data/noise_image_house_const.txt,5,256,96,0.006175
./bin/v2,./data/noise_image_house_const.txt,5,256,128,0.007179
./bin/v2,./data/noise_image_house_const.txt,5,256,256,0.000458
./bin/v2,./data/noise_image_house_const.txt,5,256,512,0.000466
./bin/v2,./data/noise_image_house_const.txt,5,256,672,0.000485
./bin/v2,./data/noise_image_house_const.txt,5,512,32,0.005446
./bin/v2,./data/noise_image_house_const.txt,5,512,64,0.005350
./bin/v2,./data/noise_image_house_const.txt,5,512,96,0.006173
./bin/v2,./data/noise_image_house_const.txt,5,512,128,0.007232
./bin/v2,./data/noise_image_house_const.txt,5,512,256,0.000429
./bin/v2,./data/noise_image_house_const.txt,5,512,512,0.000460
./bin/v2,./data/noise_image_house_const.txt,5,512,672,0.000482
./bin/v2,./data/noise_image_house_const.txt,5,1024,32,0.005477
./bin/v2,./data/noise_image_house_const.txt,5,1024,64,0.005354
./bin/v2,./data/noise_image_house_const.txt,5,1024,96,0.006194
./bin/v2,./data/noise_image_house_const.txt,5,1024,128,0.007237
./bin/v2,./data/noise_image_house_const.txt,5,1024,256,0.000452
./bin/v2,./data/noise_image_house_const.txt,5,1024,512,0.000477
./bin/v2,./data/noise_image_house_const.txt,5,1024,672,0.000481
./bin/v2,./data/noise_image_house_const.txt,5,2048,32,0.005373
./bin/v2,./data/noise_image_house_const.txt,5,2048,64,0.005350
./bin/v2,./data/noise_image_house_const.txt,5,2048,96,0.006182
./bin/v2,./data/noise_image_house_const.txt,5,2048,128,0.007232
./bin/v2,./data/noise_image_house_const.txt,5,2048,256,0.000458
./bin/v2,./data/noise_image_house_const.txt,5,2048,512,0.000461
./bin/v2,./data/noise_image_house_const.txt,5,2048,672,0.000433
./bin/v2,./data/noise_image_house_const.txt,5,4094,32,0.005495
./bin/v2,./data/noise_image_house_const.txt,5,4094,64,0.005391
./bin/v2,./data/noise_image_house_const.txt,5,4094,96,0.006106
./bin/v2,./data/noise_image_house_const.txt,5,4094,128,0.007196
./bin/v2,./data/noise_image_house_const.txt,5,4094,256,0.000460
./bin/v2,./data/noise_image_house_const.txt,5,4094,512,0.000481
./bin/v2,./data/noise_image_house_const.txt,5,4094,672,0.000468
./bin/v2,./data/noise_image_house_const.txt,7,16,32,0.049378
./bin/v2,./data/noise_image_house_const.txt,7,16,64,0.025429
./bin/v2,./data/noise_image_house_const.txt,7,16,96,0.020818
./bin/v2,./data/noise_image_house_const.txt,7,16,128,0.000719
./bin/v2,./data/noise_image_house_const.txt,7,16,256,0.000710
./bin/v2,./data/noise_image_house_const.txt,7,16,512,0.000708
./bin/v2,./data/noise_image_house_const.txt,7,16,672,0.000676
./bin/v2,./data/noise_image_house_const.txt,7,32,32,0.026125
./bin/v2,./data/noise_image_house_const.txt,7,32,64,0.013328
./bin/v2,./data/noise_image_house_const.txt,7,32,96,0.014551
./bin/v2,./data/noise_image_house_const.txt,7,32,128,0.001085
./bin/v2,./data/noise_image_house_const.txt,7,32,256,0.000700
./bin/v2,./data/noise_image_house_const.txt,7,32,512,0.001135
./bin/v2,./data/noise_image_house_const.txt,7,32,672,0.000705
./bin/v2,./data/noise_image_house_const.txt,7,64,32,0.013993
./bin/v2,./data/noise_image_house_const.txt,7,64,64,0.008678
./bin/v2,./data/noise_image_house_const.txt,7,64,96,0.014097
./bin/v2,./data/noise_image_house_const.txt,7,64,128,0.000720
./bin/v2,./data/noise_image_house_const.txt,7,64,256,0.000699
./bin/v2,./data/noise_image_house_const.txt,7,64,512,0.000701
./bin/v2,./data/noise_image_house_const.txt,7,64,672,0.000712
./bin/v2,./data/noise_image_house_const.txt,7,128,32,0.008829
./bin/v2,./data/noise_image_house_const.txt,7,128,64,0.008630
./bin/v2,./data/noise_image_house_const.txt,7,128,96,0.014069
./bin/v2,./data/noise_image_house_const.txt,7,128,128,0.000716
./bin/v2,./data/noise_image_house_const.txt,7,128,256,0.000679
./bin/v2,./data/noise_image_house_const.txt,7,128,512,0.000720
./bin/v2,./data/noise_image_house_const.txt,7,128,672,0.000697
./bin/v2,./data/noise_image_house_const.txt,7,256,32,0.008953
./bin/v2,./data/noise_image_house_const.txt,7,256,64,0.009200
./bin/v2,./data/noise_image_house_const.txt,7,256,96,0.014033
./bin/v2,./data/noise_image_house_const.txt,7,256,128,0.000717
./bin/v2,./data/noise_image_house_const.txt,7,256,256,0.000677
./bin/v2,./data/noise_image_house_const.txt,7,256,512,0.000739
./bin/v2,./data/noise_image_house_const.txt,7,256,672,0.000728
./bin/v2,./data/noise_image_house_const.txt,7,512,32,0.008927
./bin/v2,./data/noise_image_house_const.txt,7,512,64,0.009216
./bin/v2,./data/noise_image_house_const.txt,7,512,96,0.014049
./bin/v2,./data/noise_image_house_const.txt,7,512,128,0.000723
./bin/v2,./data/noise_image_house_const.txt,7,512,256,0.000732
./bin/v2,./data/noise_image_house_const.txt,7,512,512,0.000718
./bin/v2,./data/noise_image_house_const.txt,7,512,672,0.000685
./bin/v2,./data/noise_image_house_const.txt,7,1024,32,0.008926
./bin/v2,./data/noise_image_house_const.txt,7,1024,64,0.009146
./bin/v2,./data/noise_image_house_const.txt,7,1024,96,0.014054
./bin/v2,./data/noise_image_house_const.txt,7,1024,128,0.000701
./bin/v2,./data/noise_image_house_const.txt,7,1024,256,0.000755
./bin/v2,./data/noise_image_house_const.txt,7,1024,512,0.000733
./bin/v2,./data/noise_image_house_const.txt,7,1024,672,0.000680
./bin/v2,./data/noise_image_house_const.txt,7,2048,32,0.008917
./bin/v2,./data/noise_image_house_const.txt,7,2048,64,0.009110
./bin/v2,./data/noise_image_house_const.txt,7,2048,96,0.014114
./bin/v2,./data/noise_image_house_const.txt,7,2048,128,0.000689
./bin/v2,./data/noise_image_house_const.txt,7,2048,256,0.000723
./bin/v2,./data/noise_image_house_const.txt,7,2048,512,0.000707
./bin/v2,./data/noise_image_house_const.txt,7,2048,672,0.000691
./bin/v2,./data/noise_image_house_const.txt,7,4094,32,0.009044
./bin/v2,./data/noise_image_house_const.txt,7,4094,64,0.009089
./bin/v2,./data/noise_image_house_const.txt,7,4094,96,0.014043
./bin/v2,./data/noise_image_house_const.txt,7,4094,128,0.000719
./bin/v2,./data/noise_image_house_const.txt,7,4094,256,0.000677
./bin/v2,./data/noise_image_house_const.txt,7,4094,512,0.000722
./bin/v2,./data/noise_image_house_const.txt,7,4094,672,0.000686
